"Group","Status","Name","Genus","Species"
"Fish","Prevent","American shad","Alosa","sapidissima"
"Fish","Prevent","Amur goby","Rhinogobius","brunneus"
"Fish","Prevent","Bighead carp","Hypophthalmichthys","nobilis"
"Fish","Prevent","Bitterling","Rhodeus","species"
"Fish","Management","Black bullhead","Ameiurus","nebulosus"
"Fish","Prevent","Black carp","Mylopharyngodon","piceus"
"Fish","Management","Black crappie","Pomoxis","nigromaculatus"
"Fish","Prevent","Blotched snakehead","Channa","argus"
"Fish","Management","Bluegill sunfish","Lepomis","macrochirus"
"Fish","Management","Brown bullhead","Ameiurus","natalis"
"Fish","Prevent","Channel catfish","Ictalurus","punctatus"
"Other invertebrates","Provincial Containment","Cherry shrimp","Neocaridina","davidi"
"Fish","Prevent","Chevron snakehead","Channa","striata"
"Other invertebrates","Provincial Containment","Chinese mystery snail","Cipangopaludina","sp."
"Fish","Management","Common carp","Cyprinus","carpio"
"Other invertebrates","Prevent","Conrad's false mussel","Mytilopsis","leucophaeata"
"Other invertebrates","Provincial Containment","Corbicula clam","Corbicula","fluminea"
"Fish","Provincial EDRR","Fathead minnow","Pimephales","promelas"
"Fish","Prevent","Giant snakehead","Channa","micropeltes"
"Fish","Regional Containment/Control","Goldfish","Carassius","auratus"
"Fish","Prevent","Grass carp","Ctenopharyngodon","idella"
"Fish","Provincial EDRR","Green sunfish","Lepomis","cyanellus"
"Fish","Management","Largemouth bass","Micropterus","salmoides"
"Other invertebrates","Prevent","Marbled crayfish","Procambarus","fallax f. virginalis"
"Fish","Prevent","Monkey goby","Neogobius","fluviatilis"
"Fish","Prevent","Muskellunge","Esox","masquinongy"
"Other invertebrates","Provincial Containment","New zealand mudsnail","Potamopyrgus","antipodarum"
"Fish","Regional Containment/Control","Northern pike","Esox","lucius"
"Fish","Prevent","Northern snakehead","Channa","maculata"
"Fish","Regional Containment/Control","Oriental weatherfish","Misgurnus","anguillicaudatus"
"Other invertebrates","Management","Peach blossom jellyfish","Craspedacusta","sowerbii"
"Fish","Prevent","Prussian carp","Carassius","carassius "
"Fish","Management","Pumpkinseed","Lepomis","gibbosus"
"Other invertebrates","Prevent","Quagga mussel","Dreissena","bugensis"
"Fish","Prevent","Rainbow snakehead","Channa","bleheri"
"Other invertebrates","Provincial EDRR","Red swamp crayfish","Procambarus","clarkii"
"Other invertebrates","Prevent","Ringed crayfish","Faxonius","neglectus"
"Fish","Prevent","Rock bass","Ambloplites","rupestris"
"Fish","Prevent","Round goby","Neogobius","melanostomus"
"Other invertebrates","Prevent","Rusty crayfish","Faxonius","rusticus"
"Fish","Prevent","Silver carp","Hypophthalmichthys","molitrix"
"Fish","Management","Smallmouth bass","Micropterus","dolomieu"
"Other invertebrates","Prevent","Spiny waterflea","Bythotrephes","longimanus"
"Fish","Prevent","Spottail shiner","Notropis","hudsonius"
"Fish","Management","Tench","Tinca","tinca"
"Fish","Prevent","Tubenose goby","Proterorhinus","semilunaris"
"Fish","Prevent","Tui chub","Gila","bicolor"
"Other invertebrates","Provincial EDRR","Virile crayfish","Faxonius","virilis"
"Fish","Management","Walleye","Sander","vitreus"
"Fish","Prevent","Warmouth","Lepomis","gulosus"
"Fish","Provincial EDRR","Western mosquitofish","Gambusia","affinis"
"Disease","Regional Containment/Control","Whirling disease","Myxobolus","cerebralis"
"Fish","Prevent","White cloud mountain minnow","Tanichthys","albonubes"
"Fish","Management","Yellow bullhead","Ameiurus","melas"
"Fish","Regional Containment/Control","Yellow perch","Perca","flavescens"
"Other invertebrates","Prevent","Zebra mussel","Dreissena","polymorpha"
